{"cameraMode":{"drawMode":0,"name":"Shaded","section":"Shading Mode"},"sceneLighting":false,"audioPlay":false,"sceneViewState":{"m_AlwaysRefresh":false,"showFog":true,"showSkybox":false,"showFlares":true,"showImageEffects":true,"showParticleSystems":true,"showVisualEffectGraphs":true,"m_FxEnabled":true},"in2DMode":false,"pivot":{"x":-3.295154333114624,"y":3.151413679122925,"z":2.5271143913269045},"rotation":{"x":0.005507020745426416,"y":0.8942952752113342,"z":-0.011008523404598236,"w":0.4473184645175934},"size":0.24494893848896027,"orthographic":false}